,Var1,Freq
218,"CHICAGO, Illinois, United States",99
709,"NEW YORK CITY, New York, United States",86
1061,"TORONTO, Ontario, Canada",77
122,"BOSTON, Massachusetts, United States",63
813,"PHILADELPHIA, Pennsylvania, United States",63
279,"DETROIT, Michigan, United States",43
586,"LONDON, U.K.",30
163,"BUFFALO, New York, United States",27
673,"MONTREAL, Quebec, Canada",26
119,"BOISSEVAIN, Manitoba, Canada",21
825,"PITTSBURG, Pennsylvania, United States",21
710,"NEW YORK, New York, United States",20
722,"NEWTON, Massachusetts, United States",18
1005,"ST. LOUIS, Missouri, United States",18
71,"BALTIMORE, Maryland, United States",17
225,"CLEVELAND, Ohio, United States",17
272,"DENVER, Colorado, United States",17
663,"MILWAUKEE, Wisconsin, United States",17
153,"BROOKLYN, New York, United States",16
504,"JERSEY CITY, New Jersey, United States",16
436,"HAMILTON, Ontario, Canada",15
665,"MINNEAPOLIS, Minnesota, United States",15
1113,"WASHINGTON, District of Columbia, United States",15
921,"SAN FRANCISCO, California, United States",14
1085,"VANCOUVER, British Columbia, Canada",14
488,"INDIANAPOLIS, Indiana, United States",13
585,"LONDON, Ontario, Canada",13
894,"ROCHESTER, New York, United States",13
1065,"TRENTON, New Jersey, United States",13
414,"GRAND RAPIDS, Michigan, United States",11
978,"SPRINGFIELD, Massachusetts, United States",11
1058,"TOLEDO, Ohio, United States",11
433,"HAMBURG, Germany (Federal Republic of)",10
712,"NEWARK, New Jersey, United States",10
221,"CINCINNATI, Ohio, United States",9
515,"KANSAS CITY, Missouri, United States",9
134,"BRANTFORD, Ontario, Canada",8
536,"LAFAYETTE, Indiana, United States",8
589,"LOS ANGELES, California, United States",8
937,"SEATTLE, Washington, United States",8
278,"DES MOINES, Iowa, United States",7
551,"LAWRENCE, Massachusetts, United States",7
616,"MANHATTAN, New York, United States",7
650,"MEMPHIS, Tennessee, United States",7
827,"PLAINFIELD, New Jersey, United States",7
864,"PROVIDENCE, Rhode Island, United States",7
1009,"ST. PAUL, Minnesota, United States",7
1121,"WATERTOWN, New York, United States",7
191,"CASSOPOLIS, Michigan, United States",6
334,"ERIE, Pennsylvania, United States",6
598,"LYNN, Massachusetts, United States",6
957,"SIMCOE, Ontario, Canada",6
12,"AKRON, Ohio, United States",5
53,"ATLANTA, Georgia, United States",5
97,"BERLIN, Germany (Federal Republic of)",5
234,"COLUMBUS, Ohio, United States",5
292,"DULUTH, Minnesota, United States",5
391,"GALT, Ontario, Canada",5
441,"HANOVER, Germany (Federal Republic of)",5
565,"LEXINGTON, Kentucky, United States",5
614,"MANCHESTER, U.K.",5
785,"PARIS, France",5
850,"PORTAGE LA PRAIRIE, Manitoba, Canada",5
935,"SCRANTON, Pennsylvania, United States",5
941,"SEWARD, Oklahoma, United States",5
1165,"WINDSOR, Ontario, Canada",5
1166,"WINNIPEG, Manitoba, Canada",5
1181,"YORK, Pennsylvania, United States",5
29,"ALTOONA, Pennsylvania, United States",4
76,"BARTLETT, Texas, United States",4
80,"BATTLE CREEK, Michigan, United States",4
104,"BIRMINGHAM, Alabama, United States",4
130,"BRADLEY, Illinois, United States",4
142,"BRIDGETON, New Jersey, United States",4
150,"BROCKTON, Massachusetts, United States",4
160,"BUDAPEST, Hungary",4
174,"CAMBRIDGE, Massachusetts, United States",4
282,"DORCHESTER, Massachusetts, United States",4
346,"FATE, Texas, United States",4
399,"GLASGOW, U.K.",4
401,"GLEN RIDGE, New Jersey, United States",4
499,"JACKSONVILLE, Florida, United States",4
590,"LOUISVILLE, Kentucky, United States",4
617,"MANSFIELD, Ohio, United States",4
654,"MERIDIAN, Mississippi, United States",4
686,"NANAIMO, British Columbia, Canada",4
777,"OTTUMWA, Iowa, United States",4
801,"PEMBROKE, Ontario, Canada",4
802,"PEORIA, Illinois, United States",4
803,"PERKIN, Illinois, United States",4
840,"PONTIAC, Michigan, United States",4
846,"PORT HURON, Michigan, United States",4
877,"READING, Massachusetts, United States",4
902,"ROSSLAND, British Columbia, Canada",4
906,"RUMFORD FALLS, Maine, United States",4
931,"SAVANNAH, Georgia, United States",4
969,"SOUTH FRANKFORT, Michigan, United States",4
1046,"TAMAQUE, Pennsylvania, United States",4
1104,"WALLA WALLA, Washington, United States",4
1134,"WELLINGTON, New Zealand",4
1136,"WELLSTON, Ohio, United States",4
15,"ALBANY, New York, United States",3
22,"ALLEGHANY, Pennsylvania, United States",3
27,"ALMA, New York, United States",3
32,"AMERICUS, Georgia, United States",3
41,"ARBUTUS, West Virginia, United States",3
50,"ASPEN, Colorado, United States",3
89,"BELLEVILLE, Ontario, Canada",3
90,"BELLEVUE, Pennsylvania, United States",3
118,"BODIE, California, United States",3
167,"BURLINGTON, Vermont, United States",3
169,"BUTTE, Montana, United States",3
183,"CARBONDALE, Pennsylvania, United States",3
192,"CEDAR FALLS, Iowa, United States",3
207,"CHATTANOOGA, Tennessee, United States",3
216,"CHEVY CHASE, Maryland, United States",3
265,"DAYTON, Ohio, United States",3
293,"DUNDEE, New York, United States",3
315,"EAU CLAIRE, Wisconsin, United States",3
333,"ERIE, British Columbia, Canada",3
348,"FENELON FALLS, Ontario, Canada",3
365,"FORT WAYNE, Indiana, United States",3
370,"FRANK, Pennsylvania, United States",3
392,"GALVESTON, Texas, United States",3
447,"HASTINGS, Michigan, United States",3
498,"JACKSON, Tennessee, United States",3
507,"JOHNSTOWN, Pennsylvania, United States",3
534,"LACHINE, Quebec, Canada",3
573,"LISTOWELL, Ontario, Canada",3
577,"LITTLE FALLS, New York, United States",3
603,"MADISON, South Dakota, United States",3
624,"MARIETTA, Ohio, United States",3
626,"MARINE MILLS, Minnesota, United States",3
671,"MONACA, Pennsylvania, United States",3
674,"MOORE, Texas, United States",3
696,"NELSON, British Columbia, Canada",3
705,"NEW ORLEANS, Louisiana, United States",3
708,"NEW WESTMINSTER, British Columbia, Canada",3
725,"NIAGARA FALLS, New York, United States",3
759,"OLIVET, Michigan, United States",3
762,"ORANGE, New Jersey, United States",3
775,"OTTAWA, Ohio, United States",3
776,"OTTAWA, Ontario, Canada",3
800,"PEKIN, Illinois, United States",3
826,"PITTSBURGH, Pennsylvania, United States",3
831,"PLESHEY, U.K.",3
851,"PORTLAND, Maine, United States",3
859,"PRESTON, Ontario, Canada",3
884,"REVERE, Massachusetts, United States",3
888,"RICHMOND, Virginia, United States",3
897,"ROCKFORD, Illinois, United States",3
939,"SEDRO WOOLEY, Washington, United States",3
979,"SPRINGFIELD, Ohio, United States",3
1015,"ST.MARY'S, Ontario, Canada",3
1023,"STOCKTON, California, United States",3
1042,"SYRACUSE, New York, United States",3
1051,"THERIOT, Louisiana, United States",3
1060,"TOPEKA, Kansas, United States",3
1073,"TURIN, Italy",3
1076,"UNION, Oregon, United States",3
1082,"URBANA, Ohio, United States",3
1093,"VICTORIA, British Columbia, Canada",3
1141,"WEST PARIS, Maine, United States",3
1162,"WILMINGTON, Delaware, United States",3
1,"AACHEN, Germany (Federal Republic of)",2
5,"ABILENE, Texas, United States",2
11,"AILSA CRAIG, Ontario, Canada",2
13,"ALAMEDA, California, United States",2
24,"ALLEGHENY, Pennsylvania, United States",2
40,"ANSONIA, Connecticut, United States",2
45,"ARMADA, Michigan, United States",2
58,"AURORA, Illinois, United States",2
59,"AUSSIG, Austria",2
60,"AUSTIN, Illinois, United States",2
62,"AVALON, Pennsylvania, United States",2
77,"BATAVIA, New York, United States",2
79,"BATH, New York, United States",2
81,"BAY CITY, Michigan, United States",2
88,"BELDING, Michigan, United States",2
94,"BELTON, Missouri, United States",2
96,"BERLIN, Austria",2
102,"BINGHAMPTON, New York, United States",2
109,"BLAUVELT, New York, United States",2
112,"BLOOMFIELD, Missouri, United States",2
129,"BRADFORD, Pennsylvania, United States",2
132,"BRAINERD, Minnesota, United States",2
139,"BREWER, Maine, United States",2
140,"BRIDGEPORT, Connecticut, United States",2
143,"BRIDGEVILLE, Nova Scotia, Canada",2
144,"BRIDGEWATER, Massachusetts, United States",2
147,"BRIGHTON, Michigan, United States",2
148,"BRIGHTON, U.K.",2
158,"BRUSSELS, Belgium",2
161,"BUENA VESTA, Colorado, United States",2
182,"CANTON, Ohio, United States",2
186,"CARO, Michigan, United States",2
189,"CARTERVILLE, Illinois, United States",2
190,"CARTHAGE, Missouri, United States",2
202,"CHARLESTON, West Virginia, United States",2
204,"CHARLOTTSVILLE, Virginia, United States",2
205,"CHATHAM, New York, United States",2
209,"CHEMNITZ, Germany (Federal Republic of)",2
211,"CHESLEY, Ontario, Canada",2
213,"CHESTER, Pennsylvania, United States",2
215,"CHETEK, Wisconsin, United States",2
219,"CHICOPEE FALLS, Massachusetts, United States",2
220,"CHICOPEE, Massachusetts, United States",2
222,"CINCINNATTI, Ohio, United States",2
227,"CLINTON, Iowa, United States",2
235,"COMMERCE, Missouri, United States",2
237,"CONCORD, New Hampshire, United States",2
253,"COVINGTON, Kentucky, United States",2
263,"DAVENPORT, Iowa, United States",2
267,"DECATUR, Illinois, United States",2
268,"DEFIANCE, Iowa, United States",2
280,"DEVIL'S LAKE, North Dakota, United States",2
284,"DOUGLAS, Georgia, United States",2
287,"DRESDEN, Germany (Federal Republic of)",2
296,"DUNKIRK, New York, United States",2
306,"EAST FLORENCE, Alabama, United States",2
311,"EASTLEIGH, U.K.",2
316,"EDGAR MILLS, Ontario, Canada",2
321,"ELK LAKE, Pennsylvania, United States",2
322,"ELK POINT, South Dakota, United States",2
323,"ELKHART, Indiana, United States",2
329,"ELMWOOD, Indiana, United States",2
332,"ENNIS, Texas, United States",2
335,"ESCALON, California, United States",2
336,"EVANSTON, Illinois, United States",2
337,"EVANSVILLE, Indiana, United States",2
338,"EVERETT, Massachusetts, United States",2
340,"FAIRFIELD, Iowa, United States",2
347,"FAYETTEVILLE, Texas, United States",2
356,"FLORENCE, Wisconsin, United States",2
358,"FORBES, Australia",2
362,"FORT COLLINS, Colorado, United States",2
376,"FREEMONT, Iowa, United States",2
379,"FREMONT, Ohio, United States",2
380,"FRIENDSHIP, New York, United States",2
381,"FRISCO, California, United States",2
386,"GAGETOWN, Michigan, United States",2
390,"GALION, Ohio, United States",2
403,"GLOUCESTER, U.K.",2
405,"GODERICH, Ontario, Canada",2
407,"GOLIAD, Texas, United States",2
415,"GRASS VALLEY, California, United States",2
421,"GREENLEAF, Wisconsin, United States",2
423,"GREENSBURG, Pennsylvania, United States",2
427,"GROVE CITY, Pennsylvania, United States",2
432,"HALIFAX, Nova Scotia, Canada",2
438,"HAMPDEN, Maine, United States",2
443,"HARDWICK, Vermont, United States",2
446,"HARTFORD, Connecticut, United States",2
448,"HATTIESBURG, Mississippi, United States",2
464,"HODUNK, Michigan, United States",2
468,"HOPEWELL, New York, United States",2
470,"HORNBROOK, California, United States",2
472,"HOT SPRINGS, British Columbia, Canada",2
478,"HUTSONVILLE, Illinois, United States",2
479,"HYATT, North Carolina, United States",2
483,"IDA GROVE, Iowa, United States",2
491,"INVERCARGILL, New Zealand",2
505,"JERSEY, New Jersey, United States",2
513,"KAMLOOPS, British Columbia, Canada",2
527,"KINSMORE, Manitoba, Canada",2
532,"LA PLATA, Missouri, United States",2
538,"LAKE CITY, Michigan, United States",2
539,"LAKE ELMO, Minnesota, United States",2
550,"LAWRENCE, Kansas, United States",2
556,"LEBANON, Pennsylvania, United States",2
557,"LEEDS, U.K.",2
558,"LEICESTER, U.K.",2
560,"LEIPZIG-VOLKMARSDORF, Germany (Federal Republic of)",2
567,"LIBERTY, South Carolina, United States",2
568,"LIMAVILLE, Ohio, United States",2
570,"LIMO, Ohio, United States",2
593,"LOWELL, Massachusetts, United States",2
594,"LOWELLVILLE, Ohio, United States",2
601,"MACON, Missouri, United States",2
609,"MALTA, Illinois, United States",2
622,"MARBLE CLIFFE, Ohio, United States",2
623,"MARIETTA, Georgia, United States",2
625,"MARINE CITY, Michigan, United States",2
633,"MARSHALL, Missouri, United States",2
641,"MAYSVILLE, Kentucky, United States",2
649,"MEADVILLE, Pennsylvania, United States",2
651,"MENDON, Missouri, United States",2
652,"MENOMINEE FALLS, Wisconsin, United States",2
655,"MERRILL, Wisconsin, United States",2
672,"MONTGOMERY, Alabama, United States",2
675,"MORAVIA, New York, United States",2
677,"MOSCOW, Idaho, United States",2
679,"MOUNDSVILLE, West Virginia, United States",2
682,"MOUNT PLEASANT, Iowa, United States",2
683,"MUNCIE, Indiana, United States",2
684,"MUNICH, Germany (Federal Republic of)",2
688,"NAPLES, Italy",2
693,"NEBRASKA CITY, Nebraska, United States",2
698,"NEW BRITAIN, Connecticut, United States",2
699,"NEW CASTLE-ON-TYNE, U.K.",2
704,"NEW KENSINGTON, Pennsylvania, United States",2
721,"NEWTON, Kansas, United States",2
723,"NEWTON, Wisconsin, United States",2
730,"NORFOLK, Virginia, United States",2
732,"NORTH ABINGTON, Massachusetts, United States",2
742,"NORWALK, Ohio, United States",2
756,"OIL CITY, Pennsylvania, United States",2
763,"ORANGEBURG, New York, United States",2
765,"OREGON, Illinois, United States",2
769,"OSHKOSH, Wisconsin, United States",2
770,"OSKALOOSA, Iowa, United States",2
794,"PASSAIC, New Jersey, United States",2
795,"PATERSON, New Jersey, United States",2
796,"PAUDUCAH, Kentucky, United States",2
797,"PAULDING, Ohio, United States",2
798,"PAWTUCKET, Rhode Island, United States",2
799,"PECKVILLE, Pennsylvania, United States",2
807,"PETERBOROUGH, Ontario, Canada",2
817,"PIERCE CITY, Missouri, United States",2
820,"PINOS ALTOS, New Mexico, United States",2
828,"PLAINVIEW, Oregon, United States",2
835,"POMDEXTER, Kentucky, United States",2
849,"PORT WASHINGTON, Wisconsin, United States",2
852,"PORTLAND, Oregon, United States",2
856,"POUGHKEEPSIE, New York, United States",2
858,"PRESCOTT, Arizona, United States",2
868,"QU'APPELLE, N.W.T., Canada",2
869,"QUEBEC, Quebec, Canada",2
873,"RACINE, Wisconsin, United States",2
875,"RAT PORTAGE, Ontario, Canada",2
878,"READING, Pennsylvania, United States",2
883,"RENO, Nevada, United States",2
890,"RIDGEFIELD, New Jersey, United States",2
899,"ROME, New York, United States",2
900,"ROSEBURG, Oregon, United States",2
915,"SAGINAW, Michigan, United States",2
919,"SALT LAKE CITY, Utah, United States",2
920,"SAN ANTONIO, Texas, United States",2
924,"SAN LUIS POTOSI, Mexico",2
925,"SANDOVAL, Illinois, United States",2
926,"SANDSTONE, Michigan, United States",2
927,"SANDUSKY, Ohio, United States",2
930,"SARNIA, Ontario, Canada",2
933,"SCHENECTADY, New York, United States",2
936,"SEAFORTH, Ontario, Canada",2
938,"SEDAN, Minnesota, United States",2
949,"SHELBY, Ohio, United States",2
959,"SIOUX FALLS, South Dakota, United States",2
971,"SOUTH NORWALK, Connecticut, United States",2
972,"SOUTHINGTON, Connecticut, United States",2
975,"SPOKANE, Washington, United States",2
992,"ST. GABRIEL DE BRANDON, Quebec, Canada",2
997,"ST. JOHNS, Michigan, United States",2
1027,"STRATFORD, Ontario, Canada",2
1028,"STRATHROY, Ontario, Canada",2
1029,"STURGEON FALLS, Ontario, Canada",2
1031,"SULLIVAN, Illinois, United States",2
1044,"TACOMA, Washington, United States",2
1049,"THAMESVILLE, Ontario, Canada",2
1054,"THORNDYKE, Massachusetts, United States",2
1056,"TIFFIN, Ohio, United States",2
1063,"TOSTON, Montana, United States",2
1066,"TRINIDAD, Colorado, United States",2
1067,"TROY, Idaho, United States",2
1078,"UNKNOWN, Kentucky, United States",2
1081,"UNKNOWN, New Jersey, United States",2
1083,"UTICA, New York, United States",2
1084,"UXBRIDGE, Ontario, Canada",2
1086,"VANDALIA, Missouri, United States",2
1088,"VERNON, British Columbia, Canada",2
1089,"VERONA, New Jersey, United States",2
1092,"VICTOR, Colorado, United States",2
1096,"VIENNA, Austria",2
1099,"WAISTSBURG, Washington, United States",2
1102,"WAKEMAN, Ohio, United States",2
1107,"WALLINGFORD, Connecticut, United States",2
1118,"WATERLOO, Iowa, United States",2
1128,"WAVERLY, Iowa, United States",2
1140,"WEST HAVEN, Connecticut, United States",2
1142,"WEST SUPERIOR, Wisconsin, United States",2
1156,"WHITNEY, Texas, United States",2
1157,"WICHITA, Kansas, United States",2
1161,"WILLIAMSPORT, Pennsylvania, United States",2
1163,"WINCHESTER, Massachusetts, United States",2
1164,"WINDSOR MILLS, Quebec, Canada",2
1175,"WOONSOCKET, Rhode Island, United States",2
1176,"WORCESTER, Massachusetts, United States",2
1180,"YONKERS, New York, United States",2
2,"ABERDEEN, Mississippi, United States",1
3,"ABERDEEN, South Dakota, United States",1
4,"ABERDEEN, Washington, United States",1
6,"ABINGTON, Illinois, United States",1
7,"ABRANS, Wisconsin, United States",1
8,"ACRON, Ohio, United States",1
9,"ADRIAN, Michigan, United States",1
10,"AGNER, Maryland, United States",1
14,"ALBANY, Missouri, United States",1
16,"ALBERNI, British Columbia, Canada",1
17,"ALBION, Michigan, United States",1
18,"ALBURTIS, Pennsylvania, United States",1
19,"ALEXANDRIA, Minnesota, United States",1
20,"ALEXANDRIA, Virginia, United States",1
21,"ALGOMA, Mississippi, United States",1
23,"ALLEGHENY CITY, Pennsylvania, United States",1
25,"ALLERTON, Illinois, United States",1
26,"ALMA, N.W.T., Canada",1
28,"ALPHA, Minnesota, United States",1
30,"ALUM BANK, Pennsylvania, United States",1
31,"AMEILASBURG, Ontario, Canada",1
33,"AMHERSTBURG, Ontario, Canada",1
34,"AMOY, Ohio, United States",1
35,"ANCASATER, Ontario, Canada",1
36,"ANDERSON, Indiana, United States",1
37,"ANN ARBOR, Michigan, United States",1
38,"ANNAPOLIS, Maryland, United States",1
39,"ANNONAY, France",1
42,"ARCHER CITY, Texas, United States",1
43,"ARKANSAS CITY, Kansas, United States",1
44,"ARLINGTON HEIGHTS, Massachusetts, United States",1
46,"ARTHABASKAVILLE, Quebec, Canada",1
47,"ASCHERSLEBEN, Germany (Federal Republic of)",1
48,"ASHLAND, Illinois, United States",1
49,"ASHLAND, Ohio, United States",1
51,"ATHENS, Illinois, United States",1
52,"ATHENS, Michigan, United States",1
54,"ATLANTA, Texas, United States",1
55,"ATLANTIC CITY, New Jersey, United States",1
56,"AUBURN, Maine, United States",1
57,"AUBURN, New York, United States",1
61,"AUSTIN, Minnesota, United States",1
63,"AYR, Australia",1
64,"AYR, U.K.",1
65,"BAD AXE, Michigan, United States",1
66,"BADEN, Germany (Federal Republic of)",1
67,"BAKER CITY, Oregon, United States",1
68,"BALLARAT, Australia",1
69,"BALLARDVALE, Massachusetts, United States",1
70,"BALLSTON SPA, New York, United States",1
72,"BANNERVILLE, Pennsylvania, United States",1
73,"BARATLETT, Texas, United States",1
74,"BARKEYVILLE, Pennsylvania, United States",1
75,"BARRIE, Ontario, Canada",1
78,"BATDORF, Ohio, United States",1
82,"BAY MILLS, Michigan, United States",1
83,"BEARDSTOWN, Illinois, United States",1
84,"BEATRICE, Nebraska, United States",1
85,"BEAVER FALLS, Pennsylvania, United States",1
86,"BEAVERTON, Michigan, United States",1
87,"BECKENHAM, U.K.",1
91,"BELLOWS FALLS, Vermont, United States",1
92,"BELMONT, U.K.",1
93,"BELOIT, Washington, United States",1
95,"BENEDICT, Nebraska, United States",1
98,"BERLINSVILLE, Pennsylvania, United States",1
99,"BEVERLEY, Massachusetts, United States",1
100,"BEVERLY, Massachusetts, United States",1
101,"BIG RAPIDS, Michigan, United States",1
103,"BINGHAMTON, New York, United States",1
105,"BIRMINGHAM, U.K.",1
106,"BISBEE, Arizona, United States",1
107,"BISMARCK, Illinois, United States",1
108,"BLACK RIVER, Quebec, Canada",1
110,"BLENHEIM, New Zealand",1
111,"BLODGETT, Missouri, United States",1
113,"BLOOMINGPORT, Indiana, United States",1
114,"BLOOMINGTON, Illinois, United States",1
115,"BLUE MOUND, Illinois, United States",1
116,"BLUFFTON, Indiana, United States",1
117,"BLYTHE, Georgia, United States",1
120,"BOONVILLE, Missouri, United States",1
121,"BORDENTOWN, New Jersey, United States",1
123,"BOTHELL, Washington, United States",1
124,"BOURBON, Indiana, United States",1
125,"BOWIE, Texas, United States",1
126,"BOYNE CITY, Michigan, United States",1
127,"BOZEMAN, Montana, United States",1
128,"BRADDOCK BOROUGH, Pennsylvania, United States",1
131,"BRADSHAW'S CREEK, New York, United States",1
133,"BRANDON, Manitoba, Canada",1
135,"BREAKMAN, Ohio, United States",1
136,"BREMEN, Germany (Federal Republic of)",1
137,"BREMOND, Texas, United States",1
138,"BRESLAU, Austria",1
141,"BRIDGEPORT, Ohio, United States",1
145,"BRIERLEY, U.K.",1
146,"BRIGANTINE, New Jersey, United States",1
149,"BRISTOL, Connecticut, United States",1
151,"BROCKVILLE, Ontario, Canada",1
152,"BRONXHOLME, Australia",1
154,"BROOKLYN, Ohio, United States",1
155,"BROOKSVILLE, Florida, United States",1
156,"BROOKWOOD, Alabama, United States",1
157,"BRUNSWICK, Germany (Federal Republic of)",1
159,"BRYAN, Ohio, United States",1
162,"BUFFALO, Alabama, United States",1
164,"BURKETTSVILLE, Ohio, United States",1
165,"BURLINGTON, Iowa, United States",1
166,"BURLINGTON, Ontario, Canada",1
168,"BURRILLVILLE, Rhode Island, United States",1
170,"BUTTER SPRINGS, Alabama, United States",1
171,"CADWALLADER, Pennsylvania, United States",1
172,"CALVARY, Georgia, United States",1
173,"CAMBORNE, U.K.",1
175,"CAMDEN, New Jersey, United States",1
176,"CAMPBELL, New York, United States",1
177,"CAMPOBELLO, New Brunswick, Canada",1
178,"CANAL FULTON, Ohio, United States",1
179,"CANANDAIGUA, New York, United States",1
180,"CANBY, Minnesota, United States",1
181,"CANNELTON, Indiana, United States",1
184,"CARLETON PLACE, Ontario, Canada",1
185,"CARMAN, Manitoba, Canada",1
187,"CARROLTON, Illinois, United States",1
188,"CARSON CITY, Michigan, United States",1
193,"CEDAR FALLS, Wisconsin, United States",1
194,"CEDAR RAPIDS, Iowa, United States",1
195,"CELERON, New York, United States",1
196,"CELLE, Germany (Federal Republic of)",1
197,"CENTRAL POINT, Oregon, United States",1
198,"CENTRE RIDGE, Kansas, United States",1
199,"CHAMPION, Michigan, United States",1
200,"CHARITON, Iowa, United States",1
201,"CHARLESTON, South Carolina, United States",1
203,"CHARLOTTE, New York, United States",1
206,"CHATHAM, Ontario, Canada",1
208,"CHELSEA, Massachusetts, United States",1
210,"CHEPSTOW, Ontario, Canada",1
212,"CHESTER, California, United States",1
214,"CHESTER, U.K.",1
217,"CHEYENNE, Wyoming, United States",1
223,"CLARENDON, New York, United States",1
224,"CLAY BROOK, Tennessee, United States",1
226,"CLIMAX, Ohio, United States",1
228,"CLINTON, Ontario, Canada",1
229,"COALGATE, Indiana, United States",1
230,"COHOES, New York, United States",1
231,"COLDWATER, Michigan, United States",1
232,"COLLINGWOOD, Ontario, Canada",1
233,"COLORAD CITY, Colorado, United States",1
236,"CONCORD, Massachusetts, United States",1
238,"CONDERSPORT, Pennsylvania, United States",1
239,"CONNELLSVILLE, Pennsylvania, United States",1
240,"CONNER'S CREEK, Michigan, United States",1
241,"CONTRECOEUR, Quebec, Canada",1
242,"COOPERSTOWN, North Dakota, United States",1
243,"COPENHAGEN, Denmark",1
244,"COQUILLE, Oregon, United States",1
245,"CORNING, New York, United States",1
246,"CORNWALL, Ontario, Canada",1
247,"CORNWALL, Pennsylvania, United States",1
248,"CORNWALL, U.K.",1
249,"COROMANDEL, New Zealand",1
250,"COTEAU DU LAC, Quebec, Canada",1
251,"COUNCIL BLUFFS, Iowa, United States",1
252,"COVINGTON, Indiana, United States",1
254,"CRACOW, Hungary",1
255,"CRANBROOK, British Columbia, Canada",1
256,"CRAWFORD, Nebraska, United States",1
257,"CRYSTAL CITY, Missouri, United States",1
258,"CYPRESS RIVER, Manitoba, Canada",1
259,"DALKEITH, Ontario, Canada",1
260,"DALLAS, Texas, United States",1
261,"DANVILLE, Illinois, United States",1
262,"DANVILLE, Virginia, United States",1
264,"DAVISVILLE, Ontario, Canada",1
266,"DAYTON, Wyoming, United States",1
269,"DELAWARE, Iowa, United States",1
270,"DELORAINE, Manitoba, Canada",1
271,"DEMING, New Mexico, United States",1
273,"DEPEW, New York, United States",1
274,"DEPOSIT, New York, United States",1
275,"DEPTFORD, U.K.",1
276,"DERBY, Connecticut, United States",1
277,"DERBY, U.K.",1
281,"DEWER, Colorado, United States",1
283,"DORTRECHT, Netherlands",1
285,"DOVER, New Hampshire, United States",1
286,"DOWNER'S GROVE, Illinois, United States",1
288,"DRYAD, Washington, United States",1
289,"DUBUQUE, Iowa, United States",1
290,"DUFUR, Oregon, United States",1
291,"DULKEN, Germany (Federal Republic of)",1
294,"DUNDEE, Quebec, Canada",1
295,"DUNEDIN, New Zealand",1
297,"DUNNVILLE, Ontario, Canada",1
298,"DURAND, Michigan, United States",1
299,"DURHAM, Ontario, Canada",1
300,"DUSSELDORF, Germany (Federal Republic of)",1
301,"EALING, U.K.",1
302,"EAST ARLINGTON, Vermont, United States",1
303,"EAST BERKSHIRE, Vermont, United States",1
304,"EAST BOSTON, Massachusetts, United States",1
305,"EAST DICKINSON, New York, United States",1
307,"EAST GRAND FORKS, Minnesota, United States",1
308,"EAST LIVERPOOL, Ohio, United States",1
309,"EAST RADFORD, Virginia, United States",1
310,"EAST STROUDSBURY, Pennsylvania, United States",1
312,"EASTON, Pennsylvania, United States",1
313,"EASTPORT, Maine, United States",1
314,"EATON RAPIDS, Michigan, United States",1
317,"EL DORADO SPRINGS, Missouri, United States",1
318,"ELDORA, Iowa, United States",1
319,"ELDORADO, Ohio, United States",1
320,"ELGIN, Illinois, United States",1
324,"ELKO, Nevada, United States",1
325,"ELMA, Ontario, Canada",1
326,"ELMHURST, California, United States",1
327,"ELMHURST, Illinois, United States",1
328,"ELMIRA, New York, United States",1
330,"ELWOOD, Indiana, United States",1
331,"EMERY, Illinois, United States",1
339,"EXPRESS, Oregon, United States",1
341,"FAIRHAVEN, Washington, United States",1
342,"FAIRVILLE, New Brunswick, Canada",1
343,"FALL RIVER, Massachusetts, United States",1
344,"FARGO, North Dakota, United States",1
345,"FARMER CITY, Illinois, United States",1
349,"FENTON, Michigan, United States",1
350,"FERNDALE, California, United States",1
351,"FINCASTLE, Kentucky, United States",1
352,"FISHER, Minnesota, United States",1
353,"FLANDREAU, South Dakota, United States",1
354,"FLORENCE, Colorado, United States",1
355,"FLORENCE, Kansas, United States",1
357,"FLUSHING, New York, United States",1
359,"FORDHAM, New York, United States",1
360,"FOREST GROVE, Oregon, United States",1
361,"FOREST HOUSE, Pennsylvania, United States",1
363,"FORT KENT, Maine, United States",1
364,"FORT PIERRE, South Dakota, United States",1
366,"FORT WILLIAM, Ontario, Canada",1
367,"FORT WORTH, Texas, United States",1
368,"FOSTORIA, Ohio, United States",1
369,"FRAMINGHAM, Massachusetts, United States",1
371,"FRANKFORT ON MAINE, Germany (Federal Republic of)",1
372,"FRANKLIN, Tennessee, United States",1
373,"FREDERICK, Maryland, United States",1
374,"FREDERICTON, New Brunswick, Canada",1
375,"FREEHOLD, New Jersey, United States",1
377,"FREEPORT, Illinois, United States",1
378,"FREMONT, Nebraska, United States",1
382,"FRUITVALE, California, United States",1
383,"FULHAM, U.K.",1
384,"FULTON, Illinois, United States",1
385,"GADSDEN, Alabama, United States",1
387,"GAINESVILLE, Texas, United States",1
388,"GAINSVILLE, Georgia, United States",1
389,"GALENA, Kansas, United States",1
393,"GAMBIER, Ohio, United States",1
394,"GANANOQUE, Ontario, Canada",1
395,"GARDEN VALLEY, California, United States",1
396,"GARLO, Ohio, United States",1
397,"GATESVILLE, Texas, United States",1
398,"GILBERT'S CREEK, Kentucky, United States",1
400,"GLEICHEN, N.W.T., Canada",1
402,"GLENWOOD, Iowa, United States",1
404,"GLOVERSVILLE, New York, United States",1
406,"GOLDSMITH, Indiana, United States",1
408,"GORDON, Georgia, United States",1
409,"GOSFORD, Pennsylvania, United States",1
410,"GOUVERNEUR, New York, United States",1
411,"GRAFTON, West Virginia, United States",1
412,"GRANBY, Quebec, Canada",1
413,"GRAND CANE, Louisiana, United States",1
416,"GREEN BAY, Wisconsin, United States",1
417,"GREENBURG, Pennsylvania, United States",1
418,"GREENE, New York, United States",1
419,"GREENFIELD, Massachusetts, United States",1
420,"GREENLAKE, Michigan, United States",1
422,"GREENSBOROUGH, North Carolina, United States",1
424,"GREENVILLE, Pennsylvania, United States",1
425,"GREENWOOD LAKE, New York, United States",1
426,"GROSSE POINTE, Michigan, United States",1
428,"GRUNDY CENTRE, Iowa, United States",1
429,"GUELPH, Ontario, Canada",1
430,"GUTHRIE, Oklahoma, United States",1
431,"HALFWAY, Oregon, United States",1
434,"HAMBURG, New Jersey, United States",1
435,"HAMILTON, Ohio, United States",1
437,"HAMMERSMITH, U.K.",1
439,"HANFORD, California, United States",1
440,"HANKINSON, North Dakota, United States",1
442,"HANOVER, Pennsylvania, United States",1
444,"HARRISBURG, Pennsylvania, United States",1
445,"HARRODSBURG, Kentucky, United States",1
449,"HAVERHILL, Massachusetts, United States",1
450,"HEADLEE, Indiana, United States",1
451,"HELENA, Montana, United States",1
452,"HELLERUP, Denmark",1
453,"HEMILL, Pennsylvania, United States",1
454,"HEMLOCK, Michigan, United States",1
455,"HENDERSON, Kentucky, United States",1
456,"HENLOCK, Ohio, United States",1
457,"HESSON, Ontario, Canada",1
458,"HEVETIN, Arizona, United States",1
459,"HIBBING, Minnesota, United States",1
460,"HILLSBOROUGH, Indiana, United States",1
461,"HOAGLAND, Indiana, United States",1
462,"HOBART, Colorado, United States",1
463,"HOBOKEN, New Jersey, United States",1
465,"HOLZMINDEN, Germany (Federal Republic of)",1
466,"HONEOYE FALLS, New York, United States",1
467,"HONOLULU, Hawaii, United States",1
469,"HOPKINTON, Massachusetts, United States",1
471,"HORSINGTON, Kansas, United States",1
473,"HOUMA, Louisiana, United States",1
474,"HUDSON, Ohio, United States",1
475,"HUMMELSTOWN, Pennsylvania, United States",1
476,"HUNTINGDON, Pennsylvania, United States",1
477,"HUNTINGTON, Indiana, United States",1
480,"HYDE PARK, Massachusetts, United States",1
481,"HYDE, Indiana, United States",1
482,"HYDE, U.K.",1
484,"IMLAY CITY, Michigan, United States",1
485,"INDEPENDENCE, Iowa, United States",1
486,"INDEPENDENCE, Missouri, United States",1
487,"INDIAN ORCHARD, Massachusetts, United States",1
489,"INDIANOLA, Nebraska, United States",1
490,"INGERSOLL, New Jersey, United States",1
492,"IRONTON, Ohio, United States",1
493,"ISLE, Colorado, United States",1
494,"ISLINGTON, Ontario, Canada",1
495,"ITTA BENA, Mississippi, United States",1
496,"IVESTER, Iowa, United States",1
497,"JACKSON, Michigan, United States",1
500,"JACKSONVILLE, Mississippi, United States",1
501,"JAMESTOWN, North Dakota, United States",1
502,"JARVIS, Ontario, Canada",1
503,"JENNINGS, Louisiana, United States",1
506,"JEWELL, Ohio, United States",1
508,"JOLIET, Illinois, United States",1
509,"JOLIETTE, Quebec, Canada",1
510,"JONESVILLE, Michigan, United States",1
511,"JUDSON, Georgia, United States",1
512,"JULIETTA, Iowa, United States",1
514,"KANAKEE, Illinois, United States",1
516,"KEENE, New Hampshire, United States",1
517,"KELLOGG, Idaho, United States",1
518,"KENOSHA, Wisconsin, United States",1
519,"KENSINGTON, Minnesota, United States",1
520,"KENTVILLE, Nova Scotia, Canada",1
521,"KEOKUK, Iowa, United States",1
522,"KEOTA, Iowa, United States",1
523,"KIBBEY, Montana, United States",1
524,"KIEFERVILLE, Ohio, United States",1
525,"KILLINGLY, Connecticut, United States",1
526,"KINGSTON, Pennsylvania, United States",1
528,"KNOTTSVILLE, West Virginia, United States",1
529,"KNOWLTON, Wisconsin, United States",1
530,"KOKAMO, Indiana, United States",1
531,"KRAGENFURT, Austria",1
533,"LABANON, Pennsylvania, United States",1
535,"LACROSSE, Wisconsin, United States",1
537,"LAFFERDE, Germany (Federal Republic of)",1
540,"LAKE PARK, Minnesota, United States",1
541,"LAMAR, Colorado, United States",1
542,"LANARK, Ontario, Canada",1
543,"LANCASTER, U.K.",1
544,"LAPEER, Michigan, United States",1
545,"LAPRAIRIE, Quebec, Canada",1
546,"LARIMORE, North Dakota, United States",1
547,"LARNED, Kansas, United States",1
548,"LAUDER, Manitoba, Canada",1
549,"LAUREL, Pennsylvania, United States",1
552,"LE ROY, Kansas, United States",1
553,"LEAMINGTON, Ontario, Canada",1
554,"LEANDO, Iowa, United States",1
555,"LEBANON, New Jersey, United States",1
559,"LEIPSIC, Ohio, United States",1
561,"LENOX, Missouri, United States",1
562,"LENOXDALE, Massachusetts, United States",1
563,"LEVIS, Quebec, Canada",1
564,"LEWISTON, Maine, United States",1
566,"LEXINGTON, Nebraska, United States",1
569,"LIMERICK, Maine, United States",1
571,"LINCOLN CENTRE, Maine, United States",1
572,"LINEVILLE, Iowa, United States",1
574,"LITCHFIELD, Minnesota, United States",1
575,"LITHIA SPRINGS, Georgia, United States",1
576,"LITTLE FALLS, Minnesota, United States",1
578,"LITTLE GLACE BAY, Nova Scotia, Canada",1
579,"LIVERMORE, California, United States",1
580,"LIVERPOOL, U.K.",1
581,"LIVINGSTON, Montana, United States",1
582,"LLANGOLLEN, U.K.",1
583,"LOGANSPORT, Indiana, United States",1
584,"LOIS, Georgia, United States",1
587,"LONGMONT, Colorado, United States",1
588,"LONGTON, U.K.",1
591,"LOVALLOIS PERRET, France",1
592,"LOVINGTON, Illinois, United States",1
595,"LUBEC, Maine, United States",1
596,"LUCKNOW, Ontario, Canada",1
597,"LUNENBURG, Nova Scotia, Canada",1
599,"MACDONALD, West Virginia, United States",1
600,"MACHIAS, New York, United States",1
602,"MACUNGIE, Pennsylvania, United States",1
604,"MADRID, Iowa, United States",1
605,"MAINE CITY, Michigan, United States",1
606,"MAITLAND, Missouri, United States",1
607,"MAITLAND, Nova Scotia, Canada",1
608,"MALDEN, Massachusetts, United States",1
610,"MAMBACK, Germany (Federal Republic of)",1
611,"MANCHESTER, Indiana, United States",1
612,"MANCHESTER, Iowa, United States",1
613,"MANCHESTER, New York, United States",1
615,"MANFIELD, Massachusetts, United States",1
618,"MANSTON, Minnesota, United States",1
619,"MANTON, Michigan, United States",1
620,"MAPLE CREEK, N.W.T., Canada",1
621,"MAPLETON, Utah, United States",1
627,"MARION, Arkansas, United States",1
628,"MARION, Iowa, United States",1
629,"MARKDALE, Ontario, Canada",1
630,"MARMAROS, Hungary",1
631,"MARNE, Germany (Federal Republic of)",1
632,"MAROA, Illinois, United States",1
634,"MARSHALLTOWN, Iowa, United States",1
635,"MARTON, New Zealand",1
636,"MARYSVILLE, Ohio, United States",1
637,"MASKINONGE, Quebec, Canada",1
638,"MATLOCK, Washington, United States",1
639,"MAURER, New Jersey, United States",1
640,"MAYBEURY, West Virginia, United States",1
642,"MAYVIEW, Washington, United States",1
643,"MCCLURE, Ohio, United States",1
644,"MCKEE'S ROCKS, Pennsylvania, United States",1
645,"MCKEES ROCKS, Pennsylvania, United States",1
646,"MCMINNVILLE, Oregon, United States",1
647,"MCMINVILLE, Oregon, United States",1
648,"MCPHERSON, Kansas, United States",1
653,"MENOMONIE, Wisconsin, United States",1
656,"MEXIA, Texas, United States",1
657,"MEXICO, Pennsylvania, United States",1
658,"MICCOSUKEE, Florida, United States",1
659,"MIDDLEPORT, Pennsylvania, United States",1
660,"MILFORD, Delaware, United States",1
661,"MILFORD, Massachusetts, United States",1
662,"MILLERBURG, Michigan, United States",1
664,"MINDEN, Nebraska, United States",1
666,"MINSI, Pennsylvania, United States",1
667,"MISHAWAKA, Indiana, United States",1
668,"MITCHELLS, British Columbia, Canada",1
669,"MOBILE, Alabama, United States",1
670,"MOFFATT'S CREEK, Virginia, United States",1
676,"MORRIS, Manitoba, Canada",1
678,"MOSHERVILLE, Michigan, United States",1
680,"MOUNT FOREST, Ontario, Canada",1
681,"MOUNT JEWETT, Pennsylvania, United States",1
685,"MUSKEGON, Michigan, United States",1
687,"NAPERVILLE, Illinois, United States",1
689,"NASHUA, New Hampshire, United States",1
690,"NATHALIA, Australia",1
691,"NATHROP, Colorado, United States",1
692,"NATIONAL CITY, California, United States",1
694,"NEEDHAM, Massachusetts, United States",1
695,"NEGLEY, Ohio, United States",1
697,"NEW BRIGHTON, Pennsylvania, United States",1
700,"NEW CASTLE, Massachusetts, United States",1
701,"NEW DUNDEE, Ontario, Canada",1
702,"NEW HAVEN, Connecticut, United States",1
703,"NEW HAVEN, Pennsylvania, United States",1
706,"NEW PHILADELPHIA, Ohio, United States",1
707,"NEW ROCHELLE, New York, United States",1
711,"NEWARK VALLEY, New York, United States",1
713,"NEWARK, Ohio, United States",1
714,"NEWAYGO, Michigan, United States",1
715,"NEWCASTLE UPON TYNE, U.K.",1
716,"NEWCASTLE-ON-TYNE, U.K.",1
717,"NEWCOMB, New York, United States",1
718,"NEWPORT LANDING, Nova Scotia, Canada",1
719,"NEWPORT, Rhode Island, United States",1
720,"NEWTON, Iowa, United States",1
724,"NEWTONVILLE, Massachusetts, United States",1
726,"NIAGARA FALLS, Ontario, Canada",1
727,"NICE, France",1
728,"NOBLESTOWN, Pennsylvania, United States",1
729,"NORDLINGEN, Germany (Federal Republic of)",1
731,"NORRISTOWN, Pennsylvania, United States",1
733,"NORTH BRADDOCK, Pennsylvania, United States",1
734,"NORTH EAST, Pennsylvania, United States",1
735,"NORTH GREENFIELD, Wisconsin, United States",1
736,"NORTH HANCOCK, Maine, United States",1
737,"NORTH LINNDALE, Ohio, United States",1
738,"NORTH QUEENSLAND, Australia",1
739,"NORTH WILMINGTON, Massachusetts, United States",1
740,"NORTHAMPTON, Massachusetts, United States",1
741,"NORWALK, Connecticut, United States",1
743,"NORWICH, Vermont, United States",1
744,"NORWOOD, Ohio, United States",1
745,"NOTRE DAME DE LOURDES, Manitoba, Canada",1
746,"NUTLEY, New Jersey, United States",1
747,"OAK LAWN, Illinois, United States",1
748,"OAKDALE, Pennsylvania, United States",1
749,"OAKLAND, Nebraska, United States",1
750,"OARMARN, New Zealand",1
751,"OBERLIN, Ohio, United States",1
752,"OCHEYDAN, Iowa, United States",1
753,"OCONOMOWOC, Wisconsin, United States",1
754,"ODENSE, Denmark",1
755,"OGDEN, Utah, United States",1
757,"OLDS, N.W.T., Canada",1
758,"OLEAN, New York, United States",1
760,"OMAHA, Nebraska, United States",1
761,"ONEIDA, New York, United States",1
764,"ORANGEVILLE, Ontario, Canada",1
766,"OREGON, Wisconsin, United States",1
767,"ORTING, Washington, United States",1
768,"OSHAWA, Ontario, Canada",1
771,"OSKLOOSA, Iowa, United States",1
772,"OSO STATION, Ontario, Canada",1
773,"OSWEGO, New York, United States",1
774,"OTISCO, Minnesota, United States",1
778,"OVERBROOK, Kansas, United States",1
779,"OWATOUNA, Minnesota, United States",1
780,"OXFORD, Ohio, United States",1
781,"PAINESVILLE, Ohio, United States",1
782,"PAINSVILLE, Ohio, United States",1
783,"PALMERSTON, Ontario, Canada",1
784,"PAOLA, Kansas, United States",1
786,"PARIS, Ontario, Canada",1
787,"PARIS, Texas, United States",1
788,"PARK RIDGE, New Jersey, United States",1
789,"PARK RIVER, North Dakota, United States",1
790,"PARRSBORO, Nova Scotia, Canada",1
791,"PARRY SOUND, Ontario, Canada",1
792,"PARTRIDGE, Kansas, United States",1
793,"PASO ROBLES, California, United States",1
804,"PERRY, Georgia, United States",1
805,"PERRY, Iowa, United States",1
806,"PETALUMA, California, United States",1
808,"PETERSON, New Jersey, United States",1
809,"PETROLIA, Ontario, Canada",1
810,"PHELPS, New York, United States",1
811,"PHILADELPHIA, Mississippi, United States",1
812,"PHILADELPHIA, New York, United States",1
814,"PHILAEDLPHIA, Pennsylvania, United States",1
815,"PHOENIX, Arizona, United States",1
816,"PICTON, Ontario, Canada",1
818,"PIKE STATION, New Hampshire, United States",1
819,"PINCHER CREEK, N.W.T., Canada",1
821,"PIPESTONE, Minnesota, United States",1
822,"PITKIN, Colorado, United States",1
823,"PITTSBORO, Indiana, United States",1
824,"PITTSBURG, Kansas, United States",1
829,"PLAINVILLE, Connecticut, United States",1
830,"PLEASANTON, Iowa, United States",1
832,"PLESSISVILLE, Quebec, Canada",1
833,"PLYMOUTH, Indiana, United States",1
834,"POINT ST. CHARLES, Quebec, Canada",1
836,"POMERAY, Washington, United States",1
837,"POMPTON PLAINS, New Jersey, United States",1
838,"PONDERLY, Kentucky, United States",1
839,"PONIAC, Michigan, United States",1
841,"POOWONG EAST, Australia",1
842,"PORRENTRUY, Switzerland",1
843,"PORT ARTHUR, Ontario, Canada",1
844,"PORT DOVER, Ontario, Canada",1
845,"PORT ELGIN, Ontario, Canada",1
847,"PORT ORAM, New Jersey, United States",1
848,"PORT ROWAN, Ontario, Canada",1
853,"PORTSMOUTH, Ohio, United States",1
854,"PORTVILLE, New York, United States",1
855,"POTTSTOWN, Pennsylvania, United States",1
857,"PRAIRIE CREEK, Indiana, United States",1
860,"PRINCETON, Indiana, United States",1
861,"PRINCETON, Missouri, United States",1
862,"PRINCETON, Ontario, Canada",1
863,"PROPHETSTOWN, Illinois, United States",1
865,"PULASKI, Virginia, United States",1
866,"PUNTAGORA, Florida, United States",1
867,"PUTNAM, Connecticut, United States",1
870,"QUICKSBURG, Virginia, United States",1
871,"QUITMAN, Georgia, United States",1
872,"QUITMAN, Texas, United States",1
874,"RANDVILLE, Michigan, United States",1
876,"RAWSONVILLE, Vermont, United States",1
879,"REDLAND, U.K.",1
880,"REDWOOD CITY, California, United States",1
881,"REGISTER, Georgia, United States",1
882,"RENFREW, Ontario, Canada",1
885,"REXVILLE, New York, United States",1
886,"RHINELAND, Germany (Federal Republic of)",1
887,"RICHBURG, New York, United States",1
889,"RIDGEFIELD PARK, New Jersey, United States",1
891,"RIPLEY, Ohio, United States",1
892,"RIVERDALE, U.K.",1
893,"ROANOKE, Virginia, United States",1
895,"ROCK HILL, South Carolina, United States",1
896,"ROCK RAPIDS, Iowa, United States",1
898,"ROME, Georgia, United States",1
901,"ROSELLE, New Jersey, United States",1
903,"ROSWELL, Colorado, United States",1
904,"ROTTERDAM, Netherlands",1
905,"ROXTON FALLS, Quebec, Canada",1
907,"RURAL RETREAT, Virginia, United States",1
908,"RUSSELLVILLE, Pennsylvania, United States",1
909,"RUTHERFORD, New Jersey, United States",1
910,"RUTHERGLEN, U.K.",1
911,"RUTLEDGE, Pennsylvania, United States",1
912,"SABINA, Ohio, United States",1
913,"SABREVOIS, Quebec, Canada",1
914,"SACRAMENTO, California, United States",1
916,"SAINT JOHN, New Brunswick, Canada",1
917,"SAINT PAUL, Minnesota, United States",1
918,"SALIDA, Colorado, United States",1
922,"SAN LOUIS OBISPO, California, United States",1
923,"SAN LOUIS, California, United States",1
928,"SANDWICH, Massachusetts, United States",1
929,"SANDYVILLE, West Virginia, United States",1
932,"SAYRE, Pennsylvania, United States",1
934,"SCHULENBERG, Texas, United States",1
940,"SEVEN MILE, Ohio, United States",1
942,"SHAKESPEARE, Ontario, Canada",1
943,"SHAMOKIN, Pennsylvania, United States",1
944,"SHARON, Vermont, United States",1
945,"SHARPLES, U.K.",1
946,"SHAWNEE, Ohio, United States",1
947,"SHEBOYGAN, Wisconsin, United States",1
948,"SHELBY, Iowa, United States",1
950,"SHERBROOKE, Quebec, Canada",1
951,"SHERIDAN, Indiana, United States",1
952,"SHERIDAN, West Virginia, United States",1
953,"SHORTSVILLE, New York, United States",1
954,"SHORTVILLE, Wisconsin, United States",1
955,"SHREVEPORT, Louisiana, United States",1
956,"SILVERDALE STATION, Ontario, Canada",1
958,"SIOUX CITY, Iowa, United States",1
960,"SITKA, Indiana, United States",1
961,"SKIDMORE, Missouri, United States",1
962,"SMITH CENTRE, Kansas, United States",1
963,"SMITHVILLE, Ontario, Canada",1
964,"SODAM, New York, United States",1
965,"SOMERVILLE, Massachusetts, United States",1
966,"SORAU, Austria",1
967,"SOUTH BOSTON, Virginia, United States",1
968,"SOUTH CARROLLTON, Kentucky, United States",1
970,"SOUTH MELBOURNE, Australia",1
973,"SPANISH FORK, Utah, United States",1
974,"SPENCER, Iowa, United States",1
976,"SPORA, Germany (Federal Republic of)",1
977,"SPRAGUE'S MILLS, Maine, United States",1
980,"SRIVERSIDE, Illinois, United States",1
981,"ST-GABRIEL DE BRANDON, Quebec, Canada",1
982,"ST-HENRI, Quebec, Canada",1
983,"ST. AIME, Quebec, Canada",1
984,"ST. ANTOINE DE TILLEY, Quebec, Canada",1
985,"ST. CATHARINES, Ontario, Canada",1
986,"ST. CHARLES, Missouri, United States",1
987,"ST. CLOUD, Minnesota, United States",1
988,"ST. CONSTANT, Quebec, Canada",1
989,"ST. DAVIDS, Ontario, Canada",1
990,"ST. ESPRIT, Quebec, Canada",1
991,"ST. FRANCIS, New Brunswick, Canada",1
993,"ST. GEORGE, New Brunswick, Canada",1
994,"ST. GUILLAUME D'UPTON, Quebec, Canada",1
995,"ST. HELENA, California, United States",1
996,"ST. JOHN, New Brunswick, Canada",1
998,"ST. JOHNS, Quebec, Canada",1
999,"ST. JOSEPH, Michigan, United States",1
1000,"ST. JOSEPH, Missouri, United States",1
1001,"ST. KILDA, Australia",1
1002,"ST. LAURENT, Quebec, Canada",1
1003,"ST. LIBOIRE, Quebec, Canada",1
1004,"ST. LIN, Quebec, Canada",1
1006,"ST. MARYS, Ontario, Canada",1
1007,"ST. MONIQUE, Quebec, Canada",1
1008,"ST. OLAF, Minnesota, United States",1
1010,"ST. PAUL, Nebraska, United States",1
1011,"ST. THOMAS DE JOLIETTE, Quebec, Canada",1
1012,"ST. THOMAS, Ontario, Canada",1
1013,"ST.JOSEPH, Missouri, United States",1
1014,"ST.LOUIS, Missouri, United States",1
1016,"STAND, Iowa, United States",1
1017,"STANSTEAD, Quebec, Canada",1
1018,"STAPLETON, New York, United States",1
1019,"STE. MADELINE, Quebec, Canada",1
1020,"STEPHEN, Minnesota, United States",1
1021,"STEUBENVILLE, Ohio, United States",1
1022,"STICKNEY, Massachusetts, United States",1
1024,"STOUFFVILLE, Ontario, Canada",1
1025,"STOYESTOWN, Pennsylvania, United States",1
1026,"STRASBURG, Illinois, United States",1
1030,"SUFFOLK, Virginia, United States",1
1032,"SUMMIT GROVE, Indiana, United States",1
1033,"SUMMITT, Mississippi, United States",1
1034,"SUNBURY, Pennsylvania, United States",1
1035,"SUNNIDALE, Ontario, Canada",1
1036,"SUNSET, Washington, United States",1
1037,"SUPERIOR, Wisconsin, United States",1
1038,"SUSQUEHANNA, Pennsylvania, United States",1
1039,"SYDNEY, Australia",1
1040,"SYDNEY, Nova Scotia, Canada",1
1041,"SYNYARD, New York, United States",1
1043,"TABLE CAPE, New York, United States",1
1045,"TALLAHASSEE, Florida, United States",1
1047,"TAMPICO, Illinois, United States",1
1048,"TANTALLON, Manitoba, Canada",1
1050,"THAMNENHAIN, Germany (Federal Republic of)",1
1052,"THOMAS, West Virginia, United States",1
1053,"THOMASVILLE, Georgia, United States",1
1055,"THREE RIVERS, Michigan, United States",1
1057,"TOKIO, Japan",1
1059,"TONICA, Illinois, United States",1
1062,"TORRINGTON, Connecticut, United States",1
1064,"TRAVERSE CITY, Michigan, United States",1
1068,"TROY, New York, United States",1
1069,"TUCKER, Utah, United States",1
1070,"TUCKER, Washington, United States",1
1071,"TULARE, California, United States",1
1072,"TUNIS, Iowa, United States",1
1074,"TWIN VALLEY, Minnesota, United States",1
1075,"UNION, Missouri, United States",1
1077,"UNKNOWN, Germany (Federal Republic of)",1
1079,"UNKNOWN, Maine, United States",1
1080,"UNKNOWN, Massachusetts, United States",1
1087,"VASA, Minnesota, United States",1
1090,"VESTERAS, Sweden",1
1091,"VICKSBURG, Mississippi, United States",1
1094,"VICTORIA, Illinois, United States",1
1095,"VIENNA CROSS ROADS, Ohio, United States",1
1097,"VINCENNES, Indiana, United States",1
1098,"WAHPETON, North Dakota, United States",1
1100,"WAITSBURG, Washington, United States",1
1101,"WAKEFIELD, New York, United States",1
1103,"WALKERTON, Ontario, Canada",1
1105,"WALLACE, Idaho, United States",1
1106,"WALLACE, Missouri, United States",1
1108,"WALNUT GROVE, Illinois, United States",1
1109,"WALTHAM, Massachusetts, United States",1
1110,"WANTOMA, Wisconsin, United States",1
1111,"WARKAUS, Finland",1
1112,"WARREN, Ohio, United States",1
1114,"WASHINGTON, Illinois, United States",1
1115,"WASHINGTON, Iowa, United States",1
1116,"WASHINGTON, Pennsylvania, United States",1
1117,"WATERBURY, Connecticut, United States",1
1119,"WATERLOO, South Carolina, United States",1
1120,"WATEROLIET, New York, United States",1
1122,"WATSEKA, Illinois, United States",1
1123,"WATSON, Missouri, United States",1
1124,"WATSONTOWN, Pennsylvania, United States",1
1125,"WATSONVILLE, California, United States",1
1126,"WAUNETA, Kansas, United States",1
1127,"WAUSAN, Wisconsin, United States",1
1129,"WAYNE, Pennsylvania, United States",1
1130,"WAYNESBORO, Pennsylvania, United States",1
1131,"WEBBERVILLE, Texas, United States",1
1132,"WEEDSPORT, New York, United States",1
1133,"WEISBERG, Indiana, United States",1
1135,"WELLSBORO, Pennsylvania, United States",1
1137,"WEST BALDWIN, Maine, United States",1
1138,"WEST BAY CITY, Michigan, United States",1
1139,"WEST CHAZY, New York, United States",1
1143,"WEST UNION, West Virginia, United States",1
1144,"WEST WILLIAMS, Ontario, Canada",1
1145,"WEST WINGFIELD, New York, United States",1
1146,"WESTBORO, Ontario, Canada",1
1147,"WESTBOROUGH, Missouri, United States",1
1148,"WESTBROOK, Connecticut, United States",1
1149,"WESTFIELD, Massachusetts, United States",1
1150,"WESTLAKE, Louisiana, United States",1
1151,"WESTMINSTER, U.K.",1
1152,"WEWOKA, Indiana, United States",1
1153,"WHITBURN, U.K.",1
1154,"WHITEFIELD, New Hampshire, United States",1
1155,"WHITNEY, Ontario, Canada",1
1158,"WILHELMSHOHE, Germany (Federal Republic of)",1
1159,"WILLIAMSBURG, Kansas, United States",1
1160,"WILLIAMSPORT, Ohio, United States",1
1167,"WINNSBORO, South Carolina, United States",1
1168,"WINTROP, Massachusetts, United States",1
1169,"WOBURN, Massachusetts, United States",1
1170,"WOOD FALLS, New York, United States",1
1171,"WOODLAWN, Missouri, United States",1
1172,"WOODLAWN, Pennsylvania, United States",1
1173,"WOODMERE, Michigan, United States",1
1174,"WOODSTOCK, Ontario, Canada",1
1177,"WORMS, Nebraska, United States",1
1178,"WYNCOTE, Pennsylvania, United States",1
1179,"XENIA, Ohio, United States",1
1182,"YORKSHIRE, U.K.",1
1183,"YOUNSTOWN, Ohio, United States",1
1184,"YPSILANTI, Michigan, United States",1
1185,"ZACATECAS, Mexico",1
1186,"ZANESVILLE, Ohio, United States",1